rank,run,true_fault,severity,root_equipment,diagnosed_fault,diag_confidence,phantom_kW_per_TR,INR_per_day,INR_per_year,payback_days,flag,action
1,chiller_bias_2,chiller1_sensor_bias,2.0,Chiller1,chiller1_sensor_bias,0.9931972789115646,0.06262192964412747,3012.82244368751,933974.957543128,1.9914880853902457,ENERGY,Recalibrate/replace Chiller-1 CHW leaving-temperature sensor; check against header sensor
2,bypass_stuck_075,valve_stuck,0.75,CDW_Bypass_Valve,valve_stuck,0.54421768707483,0.04825031470226847,2173.0251618983093,673637.8001884759,16.106578337742178,ENERGY,Free/replace condenser 3-way valve actuator; verify stroke
3,bypass_leakage_075,valve_leakage,0.75,CDW_Bypass_Valve,valve_stuck,0.6462585034013606,0.037967984766608676,1710.042040850883,530113.0326637737,20.467333061931445,ENERGY,Free/replace condenser 3-way valve actuator; verify stroke
4,coolingtower_fouling_065,ct1_fouling,0.65,CT2,ct1_fouling,0.8027210884353742,0.033359603656566775,1502.349212615361,465728.25591076195,39.93745228883846,ENERGY,Clean Cooling-Tower-1 fill/heat-exchange surface; check water treatment
5,secondary_chilled_water_pressure_bias_-020,sec_dp_sensor_bias,-0.2,CHW_Sec_Pumps,sec_dp_sensor_bias,1.0,0.032610979542423923,1468.691388893059,455294.33055684826,5.447025876572706,ENERGY,Recalibrate secondary-loop DP transmitter; verify pump speed vs flow curve
6,chiller_bias_1,chiller1_sensor_bias,1.0,Chiller1,chiller1_sensor_bias,0.9387755102040817,0.029666683879064557,1381.8243118052317,428365.53665962187,4.34208600090523,ENERGY,Recalibrate/replace Chiller-1 CHW leaving-temperature sensor; check against header sensor
7,bypass_stuck_050,valve_stuck,0.5,CDW_Bypass_Valve,valve_stuck,0.673469387755102,0.026297651186439418,1184.1087299829333,367073.7062947093,29.55809640935969,ENERGY,Free/replace condenser 3-way valve actuator; verify stroke
8,bypass_leakage_050,valve_leakage,0.5,CDW_Bypass_Valve,valve_leakage,0.5918367346938775,0.02114213310895844,952.1505850289926,295166.6813589877,47.26143186545411,ENERGY,Inspect condenser 3-way bypass valve seat; reset minimum position
9,secondary_chilled_water_pressure_bias_-010,sec_dp_sensor_bias,-0.1,CHW_Sec_Pumps,sec_dp_sensor_bias,1.0,0.01404376092200391,632.4448493096587,196057.9032859942,12.649324298762732,ENERGY,Recalibrate secondary-loop DP transmitter; verify pump speed vs flow curve
10,coolingtower_fouling_080,ct1_fouling,0.8,CT1,ct1_fouling,0.6802721088435374,0.011613977522193652,523.0474710170049,162144.71601527155,114.712341278196,ENERGY,Clean Cooling-Tower-1 fill/heat-exchange surface; check water treatment
11,coolingtower_bias_2,ct1_sensor_bias,2.0,CT1,ct1_sensor_bias,0.5918367346938775,0.010153287859360356,457.2360581569327,141743.17802864916,13.122324656951438,ENERGY,Recalibrate Cooling-Tower-1 leaving-water sensor; compare against CDW supply header
12,bypass_leakage_025,valve_leakage,0.25,CDW_Bypass_Valve,valve_leakage,0.8095238095238095,0.008784860517686692,395.6171251709052,122641.3088029806,113.74633992540177,ENERGY,Inspect condenser 3-way bypass valve seat; reset minimum position
13,coolingtower_bias_-2,ct1_sensor_bias,-2.0,CT1,ct1_sensor_bias,1.0,0.008767273200084653,394.86521935781053,122408.21800092128,15.195058227103685,ENERGY,Recalibrate Cooling-Tower-1 leaving-water sensor; compare against CDW supply header
14,coolingtower_PI,ct_pi_tuning,1.0,CT1,ct_pi_tuning,1.0,0.0077802831190753995,350.37512726937285,108616.28945350558,28.540838723154778,ENERGY,Retune tower-fan PI loop (lower gain / longer integral time)
15,coolingtower_bias_-1,ct1_sensor_bias,-1.0,CT1,ct1_sensor_bias,0.8299319727891157,0.0034390287947358177,154.88097442397256,48013.102071431495,38.73942569327816,ENERGY,Recalibrate Cooling-Tower-1 leaving-water sensor; compare against CDW supply header
16,coolingtower_fouling_095,ct1_fouling,0.95,CT1,valve_leakage,1.0,0.0015833459769793623,71.30998274496554,22106.094650939318,631.0476916105689,ENERGY,Inspect condenser 3-way bypass valve seat; reset minimum position
17,coolingtower_bias_1,ct1_sensor_bias,1.0,CT1,valve_leakage,0.5170068027210885,0.000809765728157549,36.46539443275521,11304.272274154117,1234.0467092158624,ENERGY,Inspect condenser 3-way bypass valve seat; reset minimum position
18,secondary_chilled_water_pressure_bias_010,sec_dp_sensor_bias,0.1,CHW_Sec_Pumps,sec_dp_sensor_bias,0.9183673469387755,-0.011204729664808604,-504.59123851652686,-156423.28394012334,,COMFORT RISK,Recalibrate secondary-loop DP transmitter; verify pump speed vs flow curve
19,chiller_bias_-1,chiller1_sensor_bias,-1.0,Chiller1,chiller1_sensor_bias,1.0,-0.01918893078176422,-834.6114797677468,-258729.55872800152,,COMFORT RISK + warmer CHW,Recalibrate/replace Chiller-1 CHW leaving-temperature sensor; check against header sensor
20,secondary_chilled_water_pressure_bias_020,sec_dp_sensor_bias,0.2,CHW_Sec_Pumps,sec_dp_sensor_bias,1.0,-0.020178400887754085,-908.8016212565161,-281728.50258952,,COMFORT RISK,Recalibrate secondary-loop DP transmitter; verify pump speed vs flow curve
21,chiller_bias_-2,chiller1_sensor_bias,-2.0,Chiller1,chiller1_sensor_bias,1.0,-0.02612709034532533,-1102.9530540449623,-341915.4467539383,,COMFORT RISK + warmer CHW,Recalibrate/replace Chiller-1 CHW leaving-temperature sensor; check against header sensor
